UUID,X,Y,Cluster_ID,Optimized_Group_ID
b48f1c1c-743e-0363-cc4b-7db3987b26d0,2.6,1.4,1,1
b48f1c1c-743e-0363-cc4b-7db3987b26d0,2.4,1.3,1,1
fb5d00ed-9f4d-aff9-ff20-04db59cd7333,2.1,1.3,2,1
0198a44d-bf83-d8cf-cc14-d62d00f9d28d,2.9,1.5,1,1
de7026c4-fb9b-de12-d36d-9b0e85ef2911,2.7,1.5,1,1
0d62ef6f-f1fc-7b6a-2a65-2373b827d052,8.6,2.6,26,2
ecae8e42-d38e-8c0e-78cf-1619e273b7ea,6.7,1.8,32,2
45010004-b448-eeb1-9351-7dfc797b8a80,6.2,3.5,30,2
820d80d8-c6b4-3cec-a776-a0121ca200c4,7.2,1.6,32,2
9ad65c19-0e1a-cc89-c846-7b236f34ad1d,6.8,1.8,32,2
d494efda-4258-5905-a2a1-8a507efad588,2.2,6.3,6,3
58330c55-5df4-4d0f-7ce1-9e7aa18d8373,2.6,6.9,22,3
bf26d3fa-5052-85ec-ec90-e807cded4a0e,2.3,7.4,22,3
0f72da83-b674-6177-e5ed-29569919ede6,2.3,7.3,22,3
e1b6ddbe-1441-224c-5b35-cf0760476453,2.6,7.3,22,3
89245a3f-3e25-181c-a025-7e762c65c4b8,4.7,4.6,27,4
aa34b38e-ccf3-0435-b458-39b55f9bd8b0,4.3,5.9,6,4
5ebcfeda-efb4-16a8-edfd-ab171d822c99,4.3,5.9,6,4
a1859e90-7bb2-afa5-48eb-37833a497912,5.7,6.2,15,4
04955c8d-c04d-fb9a-44a6-812af934fd14,3.7,6.1,6,4
6f6ca3b4-597f-ca30-cbf1-e4282195bdd1,8,4.4,21,5
76d2cc43-1f7e-8a85-606d-e9b7b52812cd,8,7.4,17,5
bebabd5b-bb41-fce6-ad85-7ae3e256b33f,5.8,6.6,15,5
88b98d74-69c8-d811-f579-989a94b26abe,5.8,6.4,15,5
922d5b37-239c-66d8-6b3f-d46a9f431a86,5.9,6.5,15,5
e09d002d-bccf-290b-4c21-508f81f61d97,6.1,3.9,29,6
4e6e416f-b17f-36bd-e9e5-b014f467e66f,5.8,2.9,31,6
3a2e3ec8-a094-ba4e-a841-8be729afdbf6,6.1,2.8,31,6
75abce48-e9da-37b5-e5a0-afc4d08e2bad,6.3,3.3,30,6
5f7b5b1a-a96e-171e-bc67-754e603cd22f,7.3,2.9,25,6
8b94c82f-4a51-7138-ee0a-66e1d9687c4b,6.2,9.2,10,7
0bed921a-23a2-8c51-e3ca-dae4e521c847,5.6,9.5,10,7
2c15f213-f708-b74f-7112-6f3c2bc262a5,5.9,9.4,10,7
0b52dad1-1b84-f35d-1f48-035945cdd9c4,5.5,9.3,10,7
8dd84081-cb46-5806-0f35-f04df7d0bd2d,5.1,9.4,10,7
46e4669e-f1b0-8e44-9fd4-6bec60eb66e8,3.1,4.7,28,8
1c9c0ad2-ca08-b6d2-ce2a-20f3ccbe4a4a,3.1,3.4,35,8
99ff4ef2-f133-14d7-ade3-9b957ab339f1,3.2,2.9,35,8
d82a914d-f001-b830-3782-46904634b756,3.1,3.7,35,8
e3e0377e-f0c3-ac4c-932f-fe242d92bc72,3,2.9,35,8
18765938-793a-5f6b-1a5d-960386b0bba6,4.6,5,27,9
5dd097a6-8046-022f-f01f-a0018c5da9ce,5.3,5.6,24,9
0204e3da-8e9e-f12d-88c9-8c6e955f8340,3.4,4.6,28,9
ca3a73bc-a12f-b66b-0ca1-ea8235a23950,3.7,4.9,28,9
3103459b-a6b8-8e82-369f-9a3c24425b6a,4.9,5.6,24,9
5345a657-3225-22ca-01e3-83966ec59a73,2.9,9.2,11,10
0305a7af-0b2b-dbe2-3c7a-f17a0257c667,2.9,9.2,11,10
549f31ee-a89f-6406-2dfa-a751da09012c,2.8,9.2,11,10
e7854d19-bd9d-1c22-2db9-75f6311fc11c,2.9,8.4,23,10
cacbf38e-dbab-1f02-5a60-723b2279d0ce,3,9.2,11,10
5ddf3202-d790-1a8c-f61b-260f3f77943f,6.1,1.6,32,11
b9b08722-d5fb-c8d1-c7de-fee54599b07d,7.7,4.8,7,11
7297fc1e-0a50-c8eb-2c14-19094f56f983,5.7,1.9,-1,11
fb643f4d-1353-a229-476e-fcae95dde938,6.1,1.6,32,11
91d1ffb1-fbc6-06d4-9b2c-ae95ce1eb516,5.6,1.2,-1,11
759ef2a6-62a7-fffe-c01e-c3c6b9f256d9,2.2,3.9,-1,12
9452e5ee-00f9-4cc5-8a30-f527fd807ebb,1.7,4.3,33,12
ec0c9e79-a8e0-f805-089b-0290e84a7d8c,1.3,4,33,12
4ef9b108-5522-96e8-7e2f-8ca52fdea626,1,4.2,33,12
aaa39695-69d7-8fb7-4c59-381ccab90681,1.2,4.4,33,12
018f19e0-9c00-3036-2752-8dcca9326a5e,5,8.5,10,13
d494b24e-8f25-da7b-5e87-a827aab9f633,6.3,8.8,10,13
fd8048ef-0505-dbd6-6885-8bf22b6485c0,5.8,7.5,-1,13
12e36f0b-5eaa-c2bc-3b12-3d4a945f7ccc,5.1,8.7,10,13
e65cd4d2-d93e-0f4b-f072-eebb255451c0,5.3,9.1,10,13
0c0e6c2a-ed24-5e40-e9a2-9537782cbf44,7,9.3,10,14
6e4b7bee-0f42-4747-046b-ef1eb97baddc,6.8,9.5,10,14
70932775-68c9-8ed6-a8de-6af2904cb1f2,6.7,9.5,10,14
5323a1a8-27e2-d9ac-5fd1-58fe45341bfc,6.7,9.6,10,14
c80b1e87-ce80-fda4-69fc-6b1eb4ed3d9c,6.3,9.5,10,14
e9559d5c-a932-195e-992f-679bb7b20475,6.7,7.4,16,15
4fffba49-9414-aadc-4dfd-d84ef559e71b,6.7,7.5,16,15
1012cbc8-ef81-75d6-7347-e59fd062a7cf,6.9,7.3,16,15
227f7364-060f-e00b-c97f-ea7a7d5d3c52,8.8,6.7,8,15
9518470f-f599-5614-3c12-1d703594b57d,6.8,7.2,16,15
c4144158-7372-7b5b-2950-7482ed48eb59,6.4,2.3,31,16
11e33980-f978-8ff5-fd4a-63af8c8eb032,4.4,3.1,18,16
6ae8bc96-155b-f5d4-c4b8-e62a232b076e,6.5,2.5,31,16
73bbacd9-73cc-c030-1cae-48dce5385b5d,6.3,2.6,31,16
9b3b53c1-b09c-13f1-776f-68ec760ce1e1,7.5,2.9,25,16
5e67ec81-c42a-c577-aa30-f0919ebff972,3.8,7.1,5,17
48b86fea-987b-90c3-5c05-8e706116324f,5.9,8.3,10,17
87f27549-491f-7aa7-8024-94fa63611b54,5.2,8,9,17
ad4c823b-5f78-c8d5-7f4a-339a22e95a1d,6.7,6.1,15,17
0077345d-4512-96bd-2ef1-b87e286a99b4,5.4,8,9,17
de4c3547-6c51-a40b-2e95-6e3cee49486c,6.5,4.1,29,18
ef1aa94f-c793-c2eb-6f34-5eab98ae9cd9,6.8,3.7,-1,18
a146c3b6-4359-fa76-47f1-6228f66da194,6.6,5,-1,18
1e6d7f4d-5eec-8c6f-5df2-c825b8fd7e30,6.6,4.1,29,18
f622d7c3-db01-e0a0-1f66-91465cad6dab,6.6,5,-1,18
f8d0106e-f2fe-807e-38a6-37d95cef6c1c,9.4,6.9,8,19
61dc6726-ed49-6c70-b016-92746e889269,8.9,7.2,8,19
19903bd0-425b-c162-30cc-7070c571ead6,9.2,6.8,8,19
4f2cf498-d3e5-93ac-f174-0a437ee7d1f8,9.6,7,8,19
c85b4c70-fa37-8800-2ed6-36c385633fcd,9.2,7.1,8,19
a1a1e637-e110-8f75-645c-2a368634a314,9.1,3.8,-1,20
bc4d7a66-48e5-e069-f7eb-f34ed9ca8355,9.6,3.6,-1,20
db900c5d-ad8d-2e3a-7b6d-06c597092e7d,9.5,3.4,-1,20
b6739c93-3887-d9ee-2041-6980d5fab1c7,9.5,3.4,-1,20
5c13c895-37b6-ca5d-ee34-9fec6257387c,8.8,2.6,26,20
64e0460d-2dac-a889-f545-7f4dcadf4579,1.8,7.2,19,21
d6a9f438-cd6b-0059-d43b-49e561850142,3.1,8.1,23,21
26238913-c01f-61a6-43e0-706fa87befbc,1.4,6.6,-1,21
4bd6250e-6a28-49e0-d0a5-bf38f7cff43f,2.4,7.6,22,21
f4feec28-8088-71fa-8ddf-9c4dd49d820a,1.8,6.9,19,21
8b11e618-3a3a-b292-6117-1fe63e3a9a60,3.3,2.8,35,22
4cfe5fa2-1cf3-47f1-910e-b8dc82fb5290,3.8,1.9,4,22
0f6f5351-dd19-2080-6512-82c2b7c7e83b,2.6,2.3,-1,22
752dc04a-8d43-57f0-3d9d-00c1df135f60,2.6,3,-1,22
e13fd35d-5412-a3f3-e9c0-80af39d0ba77,3,2.6,35,22
eb370d22-802d-2c32-38bf-012d417c06b2,7.7,7.4,17,23
3b0463fe-33d3-8e4c-0fc8-fa1950788bad,5.7,5,-1,23
0cf225e3-2efd-05dd-87ab-45f93fda151a,7.4,7.1,16,23
ceba8796-6150-7a0b-3eeb-116f0e79b498,7.7,7.3,17,23
64906ebf-885e-29d5-ef85-065f060cc322,7.3,6.4,-1,23
84d4cf86-4f0a-df9c-4235-8b54834e8308,5.1,3.3,18,24
c59ec60f-5e38-e357-a84e-983ffb6b458d,4.9,3.5,18,24
be37d936-9961-ae0c-97d0-dbf13ad5f5c2,4.6,3.3,18,24
609a11a3-006a-a7a9-7a52-2e73e2f905a0,3.8,4.3,28,24
e2970d77-772c-3792-4f8d-576ee85d340e,4.7,3.3,18,24
541a7192-3361-9528-084d-c8a4d0b52671,8.1,5.3,3,25
628f2c93-a228-840d-d24e-db5367c36802,7.8,5.9,3,25
90e972f1-9873-673f-1fe8-48be5f4c22ca,7.9,5.6,3,25
e8e07998-1316-b26d-bf0f-4ada6dcdc8c6,8.4,5.3,3,25
808186f6-89d1-16ec-45e3-e21697282749,7.6,3.1,25,25
9acb2144-1969-83fc-3057-69c475728277,3.1,1.1,0,26
34220960-b2e8-5e2c-627f-0354f0dbb84f,3.3,1.1,0,26
320b9076-b78d-1698-2a2a-904c83042d79,4.4,1.3,-1,26
76699fe8-9ee1-6af8-479c-a1cf73452228,2.4,1.1,1,26
a2134fd2-95b1-d82d-5d43-7ca9849f0cab,7.2,3.9,-1,26
6f945cd9-59d5-062d-3345-5d2b690fa3a7,2.3,7.3,22,27
6f945cd9-59d5-062d-3345-5d2b690fa3a7,2.4,7.4,22,27
2275fbb0-8a76-7cc0-92c0-44d92987a73c,1.4,6.7,19,27
5f8b6d99-9cf4-8dd4-703b-bd70236c38c8,1.5,5.7,14,27
9b1c9b38-5eeb-2d05-fe84-1468a7386f46,2.8,5.9,6,27
77cf2c6b-3adb-5e0f-5da4-aca9322ad8cd,4.4,8.7,20,28
3fd4060c-e22d-ab70-110a-1deef6611d72,1.1,5,33,28
67243ceb-76e0-b016-dde8-0704bf1d119b,1,4.8,33,28
904d5090-d668-2545-8ccf-7a5d90ecc51f,1,4.7,33,28
2019a02f-2d3e-04e8-4ffb-ce8df627f2b7,1.2,2.8,-1,28
ab04860c-fed5-cdcc-a987-199e93f3cc4e,5,7.4,9,29
753a13c5-a48a-7525-4aeb-63c67f3d7c77,2.4,6.2,6,29
a23cb4f3-3d01-5a67-91f4-c88437c62df1,5.2,6.6,15,29
a76dbc3a-95c4-5b72-e75c-c01237656c58,5.4,6.9,-1,29
0a949d8c-36ac-9f0c-8633-ab04df36b0a2,6.7,8.4,10,29
97777416-fd99-765b-ea60-1f495327b980,3.8,4.5,28,30
d2e1a660-36c2-f7c0-eab8-c92ff62a49ec,3.9,4.2,28,30
26db6b8c-76ed-e5a2-df70-9bf79da39b70,4.1,4.2,28,30
eb571079-1a2a-085a-4811-d368a8fcd70f,5.2,4.6,-1,30
58e991f9-1f17-0c5b-c33f-5b4d0425fff7,2.5,3.6,-1,30
d966e280-0b0b-1c5c-2860-ab72c3945061,1.2,4.1,33,31
d35e7ac6-8774-17f3-87b6-542ca5232b2f,1.5,4.2,33,31
fe177b3f-c305-386b-48f3-b9a158a288e3,1,3.7,-1,31
9233cec5-4e11-25b1-ec36-0df062b4b321,1,3.2,-1,31
ae30103e-3184-7df0-6683-fd477c12dd91,1,3.8,33,31
34e1c7f6-cee1-44a5-7c65-67cb444bfedd,6.6,3.2,30,32
0115bee4-0d5f-c80a-1413-ec9ae08f35f6,5.2,6.2,15,32
f472a900-f290-347e-ad0b-23b8aeb7035a,7.7,4,21,32
47b48ab7-7f59-97a5-4563-a8b5bc6a5346,6.9,3.1,30,32
af7fbafe-1703-50db-c48a-3d5fd566d676,5.6,2.8,31,32
a7357c3f-db2f-b078-bb04-256638550cce,7.4,9,10,33
a7d2e85b-6828-b461-a2c1-7941b07da5d5,8,8.5,-1,33
78f75b0e-c793-1c3c-13a7-6223073f102a,9.2,3.9,-1,33
302c35ca-1d67-978a-b842-a1641698e670,3.4,8.1,-1,33
ab364302-1457-b2c4-d59c-2e1a6dd4dc65,7.8,8.8,10,33
c54bbc70-c940-ae9d-ed05-0d20e9029722,5.6,2.7,31,34
28a4a2e6-7525-705e-aa94-ff1ab91ae828,6.7,1.9,32,34
0e842d21-4dd9-2e72-bcb9-7c56d3ab33b9,7,1.7,32,34
2857eb85-9880-94f2-45e8-e3eb1db34459,8.8,4.6,12,34
1c512c54-7435-b868-e4c2-b2eddf0fc2f4,6.4,1.7,32,34
6682bd25-cef2-9e1e-68cc-ff754a26ebd7,5.9,8.9,10,35
b6b89c0f-e033-eb23-b0a5-cbf969fc86b6,4.5,8,-1,35
5e64c272-dcf1-9801-6659-c1ab5f9ee5f6,6.2,8.2,10,35
68c8a12d-e318-7a23-d038-5511f1c491fe,5.5,8.5,10,35
be712169-aa1e-2f53-236f-2342fde267ae,3.1,7.8,22,35
12b99132-c26d-056e-a95e-db840e9a1618,4.4,5.4,28,36
ac18d70f-ec28-7011-8306-42487503844a,6.2,6.4,15,36
4dc76817-ca2b-3826-dac9-b28d3f178487,8.7,6.3,8,36
ff2996a8-7a79-6e08-16c4-a8909832239c,2.4,5.6,6,36
c28a0a8a-e44c-15c6-f481-57c894c76c2d,9,6.5,8,36
c817e5e3-db89-050d-860e-9506148e0c19,3.2,5.9,6,37
ecb5bbab-1bea-955a-67cb-aad057cf586b,2.7,4.7,-1,37
8ce2fd92-a918-8263-ef17-4128f0fe439f,3.7,4.5,28,37
bc4cc615-d78f-e3b4-ad3d-703a6274994f,2.4,4.4,34,37
71006029-eefa-fdee-0c19-cffd626e3bea,2.5,4.3,34,37
dcc6164a-e098-d8bb-9cfe-851f5572fae5,5.5,8.8,10,38
480ff487-161f-c597-0dd4-bd3ac2b49e45,6.4,8.1,10,38
0990ff5f-c241-c15f-e2d3-2667a6050e5b,4.9,9.2,10,38
6de96212-8201-8366-336c-ccd8cf6ec7e3,6.4,8.5,10,38
3ff10fb7-be67-2d6a-00da-b42d47363bd0,5,9.1,10,38
1a884f75-50de-303e-fd1d-41fe070d902b,5.9,1.3,-1,39
33014f39-40b1-3379-ac99-b3fafdc4bcce,3.6,1.6,4,39
6d906df0-071e-227f-4c6d-c1a80f6762c0,5.7,2.1,-1,39
40988748-4b56-6cb1-bed1-37b31c1750f9,3.7,1.6,4,39
e469ef50-e25b-0568-ba80-f87ad3de1c45,3.2,1.1,0,39
1d12976d-95f6-0fd4-9f6e-3d978cd55814,7.8,5.7,3,40
8d3d7726-711a-0242-7aa4-43473ff41d9e,8.4,2.8,26,40
9af1cd2d-2ad4-3da4-1e6a-2d494639b5d6,8.6,2.9,26,40
75ac58e3-e010-6650-994b-315a6ad4c525,8.3,2.6,26,40
9a4f703b-915e-2fa8-b48f-054ef5d4e6db,7.9,2.8,26,40
725cca02-c3c5-3cc8-ce46-b0c03d9ccaf5,1.3,5.9,14,41
00784460-85c2-388e-82e3-9180d43a9fbc,1.3,5.5,14,41
f4a36428-27db-0a7f-a979-d10d1dc03009,6.4,7.1,16,41
326c2f67-a84d-b87c-e470-cd338d963ec1,2.7,6.9,22,41
82f630ed-ca41-51e3-1295-9fd68a4e89f8,1.2,6,14,41
c38e8491-a2ff-d3b3-6fdd-0b5b23f5802e,9.3,5.6,13,42
1752e697-21a9-1100-6023-ce56b0c3cc40,9.5,5.7,13,42
1bd88664-14f0-9861-8b20-1a95c0df00b7,5.6,5.5,24,42
d894391f-4c3e-1ddc-c80f-fe060bd0d8fd,8.8,4,-1,42
5fcdca1a-7253-56f8-81a9-7a6653c2055a,9.2,6,13,42
1a9336f2-7753-24e3-8163-92a69e52fcbd,5.3,7.7,9,43
b04efeb8-6c08-ea64-221c-8da64a04858d,5.2,7.6,9,43
c17f0658-dc1c-4e54-c3de-a7c9a083894a,1.7,4.9,-1,43
4560b672-8f8b-cd06-073c-2623c92816b3,5.3,7.8,9,43
0698f347-b796-7d90-6457-89aa5f4f581e,2.9,8.4,23,43
319b8d05-40ee-0ae9-c914-16d9d8465b77,3.1,6.5,5,44
647909bd-95ac-cb7b-1192-bc5979f29d9b,2.5,6.2,6,44
1149a76c-57ac-3e6e-cd77-f21b85afae4c,3.3,7.5,22,44
4c0d2304-b4e0-3956-10df-5fe33cca41ec,2.7,7,22,44
d212b093-b119-dc95-50af-f4d5e17c5af9,3.7,6.9,5,44
7c506a2a-c1e0-cac1-3935-7f73a87e1532,5,9,10,45
91b22e69-2f3e-39f3-9937-98cfe22e59bd,4.6,9.7,10,45
302decf4-a422-34a7-96da-5421dd0b3e98,4.5,9.6,-1,45
91e5d617-7ab2-0dfd-9820-67775ab48cd1,2.6,4.1,34,45
8f4c3f8a-7b5b-6ad0-3dd4-d60384399998,5.8,10,-1,45
e534da30-0425-64f3-b278-975579972c10,6.5,3.8,29,46
d1e88b0b-1b11-53c2-b89f-7d644c0d3d04,7.5,4.9,7,46
3b24cfc7-37b4-9a82-9525-82d739743916,7.6,5,7,46
d746c0bd-08ef-42bb-6230-8760d380fd6c,7.1,5.4,-1,46
11ff193a-ddc1-1508-c005-1fb9d65e7a1e,7.5,5.1,7,46
b6855efe-ac4c-b3ed-d8ca-eb8c910fb9b5,6.6,3.5,30,47
d1a976a2-ed2d-fb47-e6c2-795a167dd726,6.7,6,15,47
fdc6a37e-f159-aaa8-e0e9-75f5dc667b26,6.2,4,29,47
df01d838-1e11-5828-2566-2f3119df3a6d,4,5.2,28,47
9761991e-4c61-fb91-3c13-59e1e7309f39,4.6,4.9,27,47
6d0fbeaf-1791-2f09-11a8-7401d92ca2ae,5.4,2.9,31,48
7eb3457e-e78a-5f56-0ccc-767838c1fa33,4.8,4.9,27,48
b49b1acc-01b9-fb12-c329-320744704582,2.5,2.3,-1,48
8219a103-5ee8-f7b8-134a-08ec55011127,3.1,2.7,35,48
fc476e76-ebfb-69ed-1282-a7fc99fd7352,2.6,2.3,-1,48
56f4eee4-2898-3b55-4cad-f18fd2f97920,3,7.4,22,49
81aab200-b93b-2bc3-3667-57e4108d3497,4.1,7.8,-1,49
5e18258f-2ee8-b27e-8b5b-ce4461b0716f,3.3,3.2,35,49
5aa68ac5-df80-15bd-a583-e6aa159bd7a6,8.3,7.8,-1,49
9774b76f-4c61-e3d0-aae6-8f6119840bfd,2.5,8.1,-1,49
8f7bea88-8750-4daf-2abe-43fec160718a,1.7,7.2,19,50
8082140f-41de-8f8f-0a69-f0d07ea65812,6.7,3.3,30,50
ee48754a-58f5-cd93-e879-be35b7d0ed29,9.1,6.6,8,50
5b1e768a-09ba-54a9-b88f-67c2f8c87bc8,9.1,7.6,8,50
4025f740-70fa-8f25-ab23-2cecf845e23a,9.3,6.5,8,50
dd9dfa16-4d25-808d-3372-52693f10d22f,5.8,5.2,24,51
224266fb-c6c3-948e-0f2b-99b6f144abe2,2.3,5.4,-1,51
581c2933-c6ca-f058-7544-df085db18e9f,4.1,3,18,51
e90d01b4-040a-aff8-58c3-de21c23428c2,5.1,5.3,24,51
10fe7656-b0d0-40cd-668c-da56d5c15fc2,4.8,5.6,24,51
7bd8c0e0-0270-ac6b-107b-5f6c8daac966,4.1,8.9,20,52
0476939b-ad2a-9c40-0e6f-bc7e49e89a64,4.3,8.6,20,52
a7f9a34e-3f21-7d4e-5b83-efaca34a7c95,8.3,4.6,21,52
25855c08-6904-b5f8-00cd-6ee57900daea,3.7,8.8,20,52
c598ba86-ed3e-4e04-b623-f1f7360592d5,7.7,7.5,17,52
37b6d108-8be5-597e-edd8-c3904d568461,5.6,4.2,-1,53
f8829853-659d-47f9-e6f6-eeca6eb94fca,5.6,4.1,-1,53
355cfbdb-cd75-b597-98e3-b2bfbaccf93a,4.6,2.5,-1,53
f2a46909-4710-dd51-4a21-c008d7700aa1,6,3.2,30,53
3ed674ff-8c63-5ae3-6e0a-76a8a615ad5b,8,6.7,-1,53
615c2b78-7e48-25da-4f56-452018867d44,5,6.3,15,54
f68b3b0b-96e8-0e2b-d437-58087310c93c,3.4,8.5,20,54
69ff2512-f031-587e-1bbe-52591e3db08f,8.9,4.8,12,54
b9ddbf8e-508c-bc37-be8b-ccbd15098854,8.9,4.8,12,54
da74331e-c48d-30de-94c3-481100de6fdb,9.2,4.6,12,54
d69ce0d4-2c27-ed45-093a-f7cc21a7fc3e,6.3,8.6,10,55
8777013a-7eab-349b-4455-fd4bea3b690a,5.9,8.9,10,55
29763b74-9069-bd55-8afb-b62503369626,5.5,9.9,10,55
4ed51a69-4358-9358-3672-9e813fb4c570,2.9,8.3,23,55
fce3069a-dc02-b90e-41a3-ca21b16363ba,6.7,2.1,32,55
0b416627-df9d-1d4a-4698-51b195601abb,7.5,3.1,25,56
6748fd35-aa43-fd2b-a5ae-5c45149c5891,9.2,5.2,13,56
464870e7-0c06-ea94-08a8-eef65aa54b8c,2.5,8.8,-1,56
7d61288e-df14-5c37-b2bb-72a6ef9faf82,3.4,3.9,-1,56
22a68507-b2b1-62fb-e628-f5e7deb39765,7,2.7,-1,56
75ba7b51-f12c-70b4-13b8-1c0fa1a86542,5.4,2.1,-1,57
942d8643-f8e7-3fda-96c5-f9de30266209,1.1,4.7,33,57
92578771-ba10-28ce-dce0-f7c5731be4af,1.9,3.4,-1,57
31397092-7d9c-eec2-6610-eed9dd09fa18,1.2,4.1,33,57
737a6eda-390c-cc90-a486-86619306a59d,6,3.3,30,57
d8d4a52f-f562-f90e-e80a-2e9265d5b679,8.4,5.6,3,58
86e03e4b-442f-437f-36ce-7a7692a637ed,3.5,4.6,28,58
1a4ef4f6-4155-8fe7-eeaa-cabf28b6c9ac,4.4,2.6,-1,58
850b2f31-86db-4c96-ecbc-af4e796a7099,4.5,3.2,18,58
be31c960-c119-ff4c-0f88-66a1432b3448,4.4,2.2,-1,58
5c303823-7f0c-77df-ea14-c54812cf8d79,6.5,4.3,29,59
8df8287f-19e1-5191-8701-ecd413c7610f,9.8,6.2,13,59
646a3471-1088-bfb7-73bd-20011a9c95e7,9.9,6.2,13,59
7f995295-6930-1707-097b-6ef92edaa1ea,3.3,2.6,35,59
cb963742-d45a-7a7a-1162-1564ae0cf1f0,10,5.8,13,59
9cb25634-7bec-9936-985e-98db139996e2,1.9,1.3,2,60
9dad1028-105f-c0b1-8a8f-d09e05aa9522,2.1,4.3,34,60
7fef476d-f433-0516-56bf-adfc1541eda9,2,1.4,2,60
7fa4c2ff-b834-45a2-254c-91be44c14072,2.3,8.6,-1,60
df5cfec5-165e-8066-3244-d82b731b8c92,2.1,1.3,2,60
adacceee-619c-89c0-a7ee-82290f26fc81,6.6,1.8,32,61
db8211f1-b2ea-160e-00d1-4c3000f947e7,3.5,1,0,61
1eeff61d-5202-f152-319f-9a2b581ae495,7,1.6,32,61
6df01d72-c286-3070-3532-20887e7f4c91,1.6,5.4,14,61
8aa3ffc1-4895-2200-e580-a81658113732,3.5,6.8,5,61
8c2921e8-1910-449c-dcd3-c88f0cf26543,8.4,5.8,3,62
3ca5b6bd-8a48-bd86-68d3-d4fab090b103,3.1,9.1,11,62
ef5efbe0-0ee4-46d5-9294-35431e350fc7,4.6,4.2,27,62
7640a4ff-6e80-041f-53a3-e46abb14a850,8.9,3.4,-1,62
7db5b00a-4c5f-c27c-93b2-4adb846f256e,8.6,7.2,8,62
8cabd256-ace3-20b8-ac83-5030fa5b06f3,8.1,4,21,63
fc4e8e4e-5e81-0585-652c-6d066512f4c1,1.1,3,-1,63
3bff34ed-58a8-4cc5-0f58-ccf91ca2cea4,6.5,8.9,10,63
e95a8701-094a-1926-7d49-8bf4f3583e1d,3.4,5.1,28,63
bddaa26e-d987-db3d-322b-55df94060681,7.8,6.6,-1,63
c84c465a-7f67-e2fc-4453-6cee570db6df,7.7,7.5,17,64
7329e59f-ed74-3464-cd46-2440567d2e7a,3.4,4.9,28,64
a3dabca2-6d65-cd4f-41b0-2dc1453aa62f,9,7.4,8,64
46227dbe-3fac-e9de-d771-8f033854eb11,6.5,6.3,15,64
efec0389-909c-7497-b8df-4bd9f6d4ab0a,8.7,7.3,8,64
d271b24b-3ac0-0981-1e8e-7acf1acdd8d3,5,2,-1,65
6111b31f-8c05-adbc-12e2-7b192fd8da79,6.2,6.9,15,65
dc504470-af29-f5de-bb11-b702b8899d49,2,3.3,-1,65
2569093f-8ca0-3a22-2a7a-ddba81878ccd,3.1,4.4,28,65
acc79645-7758-897b-c9f0-19efad7721c5,2,4.7,-1,65
6167dfc7-f611-f9c4-5f0b-fa128aa4e467,4.4,3.6,18,66
492049c9-8854-b372-f044-86003af350f4,8.4,2.8,26,66
41a022bb-f7e9-519d-4a0b-3a3d2f7d65b8,8.3,4.2,21,66
e81b51a0-219c-d6bf-dcf0-494ddc293475,6.8,5.9,15,66
8db08364-be6c-fc79-42c2-4c04d39cf539,5.3,1.1,-1,66
c4affd26-75df-6790-c618-7e4ed618efdf,5.1,9.9,10,67
525e442d-bacb-40b9-53b8-265da884b0ea,2.9,3.9,34,67
8ec9df2b-fbe4-e068-72ca-2ab7cea0cc12,4,1.8,4,67
b4e040aa-da8d-4abd-b7ed-d1aa5cff565e,4.3,6,6,67
04aef76a-f595-78ec-4c22-35f6aea0f387,4.7,4.3,27,67
